"","location","date","mean_wind","mean_sst","mean_chloro"
"1","east",2020-01-02,5.37569444444444,56.5502657463866,11.8049891336248
"2","east",2020-01-03,2.05347222222222,57.0754081129032,9.89547695912698
"3","east",2020-01-04,2.08819444444444,57.0182362784119,9.84574231436508
"4","east",2020-01-05,3.08888888888889,57.1806968245902,10.5808255083333
"5","east",2020-01-06,2.35486111111111,56.7327678929648,6.58119628057937
"6","east",2020-01-07,1.85902777777778,56.7859873929883,6.35932925665873
"7","east",2020-01-08,7.68819444444444,56.3791440048193,4.88083553228571
"8","east",2020-01-09,10.6472222222222,56.2914770253012,3.69905455652381
"9","east",2020-01-10,4.12083333333333,56.1141692930288,3.01117863706349
"10","east",2020-01-11,4.35833333333333,55.7051879569712,3.05206099752381
"11","east",2020-01-12,3.64166666666667,55.6466012028846,2.62859715069841
"12","east",2020-01-13,5.05208333333333,55.6465396971154,2.60938521455556
"13","east",2020-01-14,3.99027777777778,55.8076569684042,3.34589454012698
"14","east",2020-01-15,2.82916666666667,55.59599288432,3.36669412257937
"15","east",2020-01-16,3.25555555555556,55.5658627359223,3.69364398642857
"16","east",2020-01-17,4.95069444444444,55.5938968555825,3.76022224083333
"17","east",2020-01-18,1.675,55.7259597339024,3.77001600218601
"18","east",2020-01-19,1.55972222222222,55.3880411890164,3.47775926355096
"19","east",2020-01-20,2.07291666666667,55.9562323025911,3.08112099380159
"20","east",2020-01-21,3.31666666666667,55.9578203573279,3.09929415556349
"21","east",2020-01-22,7.91458333333333,56.0282039929782,2.28903750819048
"22","east",2020-01-23,2.74513888888889,55.9165101816492,1.47262140461111
"23","east",2020-01-24,2.29791666666667,55.9249817629032,1.51789106692857
"24","east",2020-01-25,3.67361111111111,55.9466068032258,1.66757869661905
"25","east",2020-01-26,2.55625,55.9980906895884,2.0048953408254
"26","east",2020-01-27,6.77430555555556,56.3144666065375,2.08477145990476
"27","east",2020-01-28,7.46944444444444,56.2447146554974,3.36522197913423
"28","east",2020-01-29,7.35347222222222,56.8933930644928,2.93873608409524
"29","east",2020-01-30,2.56458333333333,57.1270976893927,3.81407571559524
"30","east",2020-01-31,2.96861313868613,56.9096681507618,3.63636108261905
"31","east",2020-02-01,2.22430555555556,56.8782346925181,3.25988670368254
"32","east",2020-02-02,5.41764705882353,56.8524491835076,3.32921165088095
"33","east",2020-02-03,10.3694444444444,56.7887928262019,3.03124465865079
"34","east",2020-02-04,4.50625,56.7757617168269,2.97298389083333
"35","east",2020-02-05,2.07708333333333,56.69194470392,2.3336228852381
"36","east",2020-02-06,2.70069444444444,56.4045256214572,2.46201822064286
"37","east",2020-02-07,2.21805555555556,56.1508354718975,1.73251644894444
"38","east",2020-02-08,2.24930555555556,56.4854548741338,2.15473530809524
"39","east",2020-02-09,3.175,56.2926799768489,2.14252919292063
"40","east",2020-02-10,5.02777777777778,56.4992442712219,2.1159872862381
"41","east",2020-02-11,4.85972222222222,56.4096492189863,1.96091108097619
"42","east",2020-02-12,3.525,56.320760052856,1.94567109571429
"43","east",2020-02-13,3.18055555555556,56.3484469362319,1.96155380489683
"44","east",2020-02-14,3.42587412587413,56.4035501557074,2.01772547338889
"45","east",2020-02-15,3.54722222222222,56.549629376252,2.38490809293651
"46","east",2020-02-16,2.50833333333333,56.4176302231884,2.07223148172222
"47","east",2020-02-17,1.90208333333333,56.7955520099354,2.267198561
"48","east",2020-02-18,2.69861111111111,56.6494927328756,2.18888778643651
"49","east",2020-02-19,3.00069444444444,56.8240230896272,2.24076734369841
"50","east",2020-02-20,2.61458333333333,56.7456100167883,2.05002162463492
"51","east",2020-02-21,2.05833333333333,56.8715849289855,2.01001822629365
"52","east",2020-02-22,4.34444444444444,57.3894533298061,1.9740427007619
"53","east",2020-02-23,7.35486111111111,57.62540981805,1.59995574444444
"54","east",2020-02-24,2.85763888888889,57.8177910580097,1.61867528368254
"55","east",2020-02-25,2.41180555555556,57.8071249790924,1.39653296701587
"56","east",2020-02-26,2.53611111111111,57.8350099912551,1.44898817739683
"57","east",2020-02-27,1.54305555555556,57.4802100651822,1.34803640013492
"58","east",2020-02-28,2.10277777777778,57.5292673542373,1.39650640580159
"59","east",2020-02-29,2.67986111111111,57.6521576381686,1.6521322612381
"60","east",2020-03-01,9.13958333333333,56.8891303315534,1.54079039384921
"61","east",2020-03-02,4.44027777777778,56.4956051604423,1.58838999669048
"62","east",2020-03-03,3.07013888888889,56.4902388109489,1.76669531823016
"63","east",2020-03-04,5.72361111111111,56.4893979321168,1.7732388000873
"64","east",2020-03-05,2.48263888888889,56.3339042547445,1.73909259014286
"65","east",2020-03-06,5.84791666666667,56.6001858934307,1.90686416580159
"66","east",2020-03-07,4.48819444444444,56.7897525632242,2.06086309696825
"67","east",2020-03-08,2.60138888888889,56.1698950199828,1.6652800259127
"68","east",2020-03-09,5.1875,56.9107411370062,2.01942654388342
"69","east",2020-03-10,7.26388888888889,56.9107411370062,2.01942654388342
"70","east",2020-03-11,3.01666666666667,57.2850291404696,0.925138362047316
"71","east",2020-03-12,2.62430555555556,57.2975725594708,0.983118885269122
"72","east",2020-03-13,3.30833333333333,57.5201303098131,1.11263051297009
"73","east",2020-03-14,2.76736111111111,55.8296917231743,2.24017561311671
"74","east",2020-03-15,3.53611111111111,55.7411818702946,1.99124168154762
"75","east",2020-03-16,5.67430555555556,55.406516757072,2.29441171502381
"76","east",2020-03-17,3.69236111111111,55.406516757072,2.29441171502381
"77","east",2020-03-18,4.46388888888889,55.7019782826303,3.28312972766667
"78","east",2020-03-19,6.66180555555556,55.6969919320099,3.06174679676984
"79","east",2020-03-20,4.02291666666667,55.8222139248139,2.81131530773016
"80","east",2020-03-21,1.37986111111111,55.8510457975329,2.40897723746825
"81","east",2020-03-22,6.22847222222222,56.033021462963,2.30800469453968
"82","east",2020-03-23,5.13472222222222,55.9032048228524,2.4199914154726
"83","east",2020-03-24,10.441935483871,55.5674594021792,2.25502077603175
"84","east",2020-03-25,12.5983606557377,55.5674594021792,2.25502077603175
"85","east",2020-03-26,9.50902777777778,55.1060343595334,2.56199683948413
"86","east",2020-03-27,9.875,55.1728656979083,10.2388374399921
"87","east",2020-03-28,4.62569444444444,55.0248718592116,14.8219343907143
"88","east",2020-03-29,7.40555555555556,55.0835338020113,24.9940755143651
"89","east",2020-03-30,5.18402777777778,55.0262723504425,27.3331401100794
"90","east",2020-03-31,2.16111111111111,55.1210988007246,35.65299164
"91","east",2020-04-01,2.15763888888889,55.101407491354,36.6739547092931
"92","east",2020-04-02,5.80208333333333,55.1019004787286,36.5871357817315
"93","east",2020-04-03,4.69861111111111,55.4129155985197,40.9485827131056
"94","east",2020-04-04,4.41111111111111,55.3466826971217,37.3166704621128
"95","east",2020-04-05,5.15138888888889,55.3854113106086,35.111134220969
"96","east",2020-04-06,4.36527777777778,55.0942619936573,26.616280586725
"97","east",2020-04-07,2.27708333333333,54.8823829045455,26.8924860054538
"98","east",2020-04-08,2.79722222222222,54.8352035088007,6.95977374675123
"99","east",2020-04-09,5.52083333333333,55.3347253906494,9.66170097470143
"100","east",2020-04-10,5.2875,55.2026713490026,7.85697075883095
"101","east",2020-04-11,6.35,55.9505256364744,7.74244215096825
"102","east",2020-04-12,5.70208333333333,56.8014199534525,7.56812839557143
"103","east",2020-04-13,5.31875,57.2790364462723,6.32080146465873
"104","east",2020-04-14,3.80138888888889,57.2882600743922,5.48718885731746
"105","east",2020-04-15,2.56527777777778,57.2989347927877,5.12182044338889
"106","east",2020-04-16,3.52430555555556,57.4939415014563,3.45979339506349
"107","east",2020-04-17,3.64791666666667,57.2713745160194,3.21115143900794
"108","east",2020-04-18,6.09583333333333,57.1017665392252,3.85048017413492
"109","east",2020-04-19,5.01875,57.1427646044534,6.27830215214286
"110","east",2020-04-20,6.6125,56.7995781200485,6.17643182138095
"111","east",2020-04-21,9.62222222222222,56.5404266051095,14.6607697266984
"112","east",2020-04-22,4.93888888888889,57.3713185457861,16.2012078051587
"113","east",2020-04-23,8.65277777777778,57.455743241248,18.2799715121429
"114","east",2020-04-24,4.60486111111111,57.6279625567261,20.0555251078571
"115","east",2020-04-25,3.64930555555556,58.2427667864407,19.8288709048413
"116","east",2020-04-26,3.68402777777778,58.8187892627737,21.8730515372222
"117","east",2020-04-27,4.09791666666667,59.1154196113985,20.0746162307937
"118","east",2020-04-28,2.28819444444444,59.4092532237864,27.6858898687302
"119","east",2020-04-29,3.36597222222222,58.8082168214863,20.0948188057937
"120","east",2020-04-30,1.78888888888889,57.6825620196602,22.6674934019048
"121","east",2020-05-01,5.99166666666667,57.7488485480194,21.170318927619
"122","east",2020-05-02,7.92083333333333,57.601871337046,19.7602720940873
"123","east",2020-05-03,6.15972222222222,57.0268359935563,23.0231985073413
"124","east",2020-05-04,4.62291666666667,57.1761248026742,19.610480521254
"125","east",2020-05-05,4.42962962962963,57.0859622119707,19.2088827418571
"126","east",2020-05-06,5.96180555555556,56.7251289270073,12.4497394043968
"127","east",2020-05-07,4.26180555555556,56.976747372377,12.6146598528095
"128","east",2020-05-08,3.36180555555556,57.5845582821661,7.93224913100794
"129","east",2020-05-09,1.82222222222222,57.5729380185819,5.78544959153968
"130","east",2020-05-10,2.71597222222222,57.6200953435208,5.96680988256349
"131","east",2020-05-11,3.96180555555556,57.2922066030032,5.6889771925873
"132","east",2020-05-12,6.99722222222222,56.8241294498778,8.02449648087302
"133","east",2020-05-13,7.93819444444444,56.7043323848411,8.05837239714286
"134","east",2020-05-14,9.65763888888889,56.974757617734,8.2270383484127
"135","east",2020-05-15,10.1631944444444,56.9229866509852,8.2270383484127
"136","east",2020-05-16,4.94236111111111,56.2407327170492,8.77380017936508
"137","east",2020-05-17,4.34166666666667,55.974123602379,10.3241823707143
"138","east",2020-05-18,5.27847222222222,55.9333062412633,11.4627492277778
"139","east",2020-05-19,9.57013888888889,55.9417084015781,13.2920394303175
"140","east",2020-05-20,6.76736111111111,55.9873902136842,12.5380833080159
"141","east",2020-05-21,4.48125,56.0616531856796,13.7015872946825
"142","east",2020-05-22,4.80486111111111,56.336894993538,14.4669140259841
"143","east",2020-05-23,4.79375,56.5376869738288,13.5856130630476
"144","east",2020-05-24,3.06388888888889,56.7288600245557,14.1465156918968
"145","east",2020-05-25,3.67569444444444,56.9983950480614,13.6317411590714
"146","east",2020-05-26,3.49097222222222,57.0415929277733,12.1044110838369
"147","east",2020-05-27,3.00555555555556,57.2931867203404,10.1109920820096
"148","east",2020-05-28,2.49305555555556,57.9394239032178,9.81404083051012
"149","east",2020-05-29,2.03680555555556,58.3281703754545,2.46639774385192
"150","east",2020-05-30,1.82777777777778,58.023042681629,2.46639774385192
"151","east",2020-05-31,5.32986111111111,58.2073774202873,2.67317188194783
"152","east",2020-06-01,5.76041666666667,59.4090248965217,2.74676759292308
"153","east",2020-06-02,5.97361111111111,59.3775112160732,1.73810330571664
"154","east",2020-06-03,4.63125,59.2612313176033,2.87215985080222
"155","east",2020-06-04,6.30347222222222,59.2649573042149,5.69015118211111
"156","east",2020-06-05,3.78472222222222,58.9913410347506,5.85965861880952
"157","east",2020-06-06,7.95069444444444,59.8303069548651,7.98874790960318
"158","east",2020-06-07,10.2243055555556,60.347019099511,7.86071047325397
"159","east",2020-06-08,8.56527777777778,60.78540269323,7.61411960619048
"160","east",2020-06-09,4.04652777777778,60.6708679178484,7.92755398222222
"161","east",2020-06-10,3.13958333333333,60.2892853328176,7.64389605603175
"162","east",2020-06-11,3.70694444444444,60.3295369148118,10.7431996492857
"163","east",2020-06-12,3.05069444444444,60.3382710004072,9.60819716087302
"164","east",2020-06-13,9.41805555555556,60.5964750485246,9.49930706174603
"165","east",2020-06-14,6.20347222222222,60.3123655300971,8.02883033214286
"166","east",2020-06-15,2.72708333333333,59.8974069529126,8.06270694912698
"167","east",2020-06-16,3.67569444444444,59.3292245604369,8.47411196920635
"168","east",2020-06-17,2.77638888888889,59.3743915635332,8.868337185
"169","east",2020-06-18,2.95555555555556,59.7403259082859,9.37637746293651
"170","east",2020-06-19,3.9625,59.9067869880065,3.85362703070635
"171","east",2020-06-20,3.26458333333333,60.4313226557364,2.85546588425121
"172","east",2020-06-21,3.33611111111111,60.7091953192781,4.06964864954625
"173","east",2020-06-22,3.52083333333333,60.082827706232,0.885490678601533
"174","east",2020-06-23,5.78402777777778,59.4845918317677,0.851235701650579
"175","east",2020-06-24,4.17291666666667,59.7453445440994,0.841173867859813
"176","east",2020-06-25,2.33263888888889,59.7071764232865,0.837230422472119
"177","east",2020-06-26,2.925,60.041378617734,1.57019227578571
"178","east",2020-06-27,4.36527777777778,60.299363633719,1.82663987569841
"179","east",2020-06-28,4.31666666666667,60.2842715286656,2.13439932949206
"180","east",2020-06-29,5.33402777777778,60.5859725978583,2.52549685219048
"181","east",2020-06-30,3.88680555555556,60.9085732080841,2.65129074015079
"182","east",2020-07-01,4.16736111111111,61.6470925057771,2.63307807149206
"183","east",2020-07-02,3.90208333333333,62.3649872963504,2.63784000268254
"184","east",2020-07-03,4.06388888888889,62.5304798729927,3.22078974181746
"185","east",2020-07-04,4.21041666666667,62.9231738886364,3.91050086739683
"186","east",2020-07-05,2.92013888888889,63.0462146656934,4.06287506515873
"187","east",2020-07-06,4.53333333333333,63.0629620873377,4.09880024738095
"188","east",2020-07-07,23.0928571428571,63.3773146151858,3.57017099265873
"189","east",2020-07-08,34.9570247933884,63.6139164583942,3.69755459686508
"190","east",2020-07-09,22.6552380952381,63.4336545903148,3.75232955692063
"191","east",2020-07-10,34.703488372093,63.0616961218094,3.9174656505873
"192","east",2020-07-11,5.54928571428571,62.7560768770598,4.33239524395238
"193","east",2020-07-12,5.60347222222222,62.6181521256866,4.00342023055556
"194","east",2020-07-13,5.65972222222222,62.9076126506063,4.11510841698413
"195","east",2020-07-14,5.27361111111111,63.130356425,4.06105208111111
"196","east",2020-07-15,5.88263888888889,63.0919949157639,4.81340514722222
"197","east",2020-07-16,4.06944444444444,62.9273585834005,4.66089192944444
"198","east",2020-07-17,3.61319444444444,62.7499372281072,4.91942813095238
"199","east",2020-07-18,5.69583333333333,62.6007266004858,5.06466034114286
"200","east",2020-07-19,7.03263888888889,62.7682191007299,4.91115805988095
"201","east",2020-07-20,6.43888888888889,62.8638084582792,5.02066095053175
"202","east",2020-07-21,6.45486111111111,62.5557333925446,5.08732233406349
"203","east",2020-07-22,5.08888888888889,62.1126608744526,5.26540434428571
"204","east",2020-07-23,3.71041666666667,61.5851849706883,4.51516038261905
"205","east",2020-07-24,3.23402777777778,61.3959915374492,5.01522930626984
"206","east",2020-07-25,3.94027777777778,60.9614327625202,4.23099702572222
"207","east",2020-07-26,5.79375,60.727309137013,4.72017658921429
"208","east",2020-07-27,6.65277777777778,60.4965031186688,7.1096511681746
"209","east",2020-07-28,6.80106382978723,60.265294081068,7.70285001126984
"210","east",2020-07-29,5.93194444444444,59.9457591688259,9.25347635830159
"211","east",2020-07-30,5.6375,60.2270122371867,8.2051834697619
"212","east",2020-07-31,6.32152777777778,60.3826961109489,8.11775203930952
"213","east",2020-08-01,5.19236111111111,60.6623900838449,6.60683170659524
"214","east",2020-08-02,3.74583333333333,60.7959688386419,6.54183630048413
"215","east",2020-08-03,3.42083333333333,60.7960469174616,6.2369794215873
"216","east",2020-08-04,1.90972222222222,60.9089707716707,5.03580021944444
"217","east",2020-08-05,3.89305555555556,60.9626108087591,4.97913201063492
"218","east",2020-08-06,6.20208333333333,61.1540341417476,4.26118530619048
"219","east",2020-08-07,5.36527777777778,61.0492322306321,4.43952983126984
"220","east",2020-08-08,6.34236111111111,60.9041475310234,4.51346420904762
"221","east",2020-08-10,2.94236111111111,60.9060694452555,4.83472645896825
"222","east",2020-08-11,5.00902777777778,61.8738649532847,4.34696476920635
"223","east",2020-08-12,5.26180555555556,62.5019793047078,3.77207570595238
"224","east",2020-08-30,3.19236111111111,62.7080055464427,4.73396499108932
"225","east",2020-08-31,2.86643356643357,63.1309170124004,4.68966932738899
"226","east",2020-09-01,2.90833333333333,63.0845986859813,4.62716551476431
"227","east",2020-09-02,6.87986111111111,63.563788967831,4.24028794860318
"228","east",2020-09-03,5.32708333333333,64.0170626487409,6.21513184352381
"229","east",2020-09-04,4.63125,64.0366498846466,6.21513184352381
"230","east",2020-09-05,4.92152777777778,64.0366498846466,6.21513184352381
"231","east",2020-09-06,5.29444444444444,64.0366498846466,6.21513184352381
"232","east",2020-09-07,3.14930555555556,64.3390828929326,6.45078322207143
"233","east",2020-09-08,1.80069444444444,64.7158304073171,6.41852325555556
"234","east",2020-09-09,4.40694444444444,65.332003015122,7.38965908999206
"235","east",2020-09-10,3.62222222222222,66.120187314786,11.6584019131229
"236","east",2020-09-11,4.8875,63.6453100831296,1.61911866153846
"237","east",2020-09-12,5.2125,63.8145141334963,1.61911866153846
"238","east",2020-09-13,5.84861111111111,63.9560163729642,2.77351468798077
"239","east",2020-09-14,5.57361111111111,64.0838316011401,2.15416584484623
"240","east",2020-09-15,4.96041666666667,64.2268803389115,3.44092956734198
"241","east",2020-09-16,5.43819444444444,64.036639150365,3.52966520738095
"242","east",2020-09-17,4.75416666666667,64.0344982627737,3.52680268428571
"243","east",2020-09-18,3.87361111111111,63.9786774570275,3.59416251944444
"244","east",2020-09-19,5.84444444444444,63.9949478126623,3.6748337965873
"245","east",2020-09-20,4.17777777777778,64.0563012008078,3.74730523253968
"246","east",2020-09-21,2.39861111111111,64.2031927714055,3.99523819626984
"247","east",2020-09-22,2.32430555555556,64.1370481157385,4.10706801936508
"248","east",2020-09-23,2.78611111111111,64.319893123748,3.68337665666667
"249","east",2020-09-24,2.32291666666667,64.5937617455133,3.78396548587302
"250","east",2020-09-25,1.81666666666667,64.6121160707022,3.75014490944444
"251","east",2020-09-26,2.59791666666667,64.7487559780488,3.74360281857143
"252","east",2020-09-27,1.97222222222222,65.1324757288136,3.25702882428571
"253","east",2020-09-28,1.65416666666667,66.0936905773646,2.99835964714286
"254","east",2020-09-29,4.15694444444444,66.8815671496368,2.30210161706349
"255","east",2020-09-30,6.01527777777778,67.5134048595642,1.96995457629365
"256","east",2020-10-01,3.37569444444444,68.024124221827,1.89755162193651
"257","east",2020-10-02,2.23680555555556,68.0207294174616,2.08214486576984
"258","east",2020-10-03,2.81458333333333,67.9118406022672,2.14285614096825
"259","east",2020-10-04,2.53541666666667,67.725211984058,1.97099784110317
"260","east",2020-10-05,2.36736111111111,67.9913490213075,2.09783439561905
"261","east",2020-10-06,3.41388888888889,67.3090199306516,2.13969763646032
"262","east",2020-10-07,4.76736111111111,66.8003226623586,2.24020446569841
"263","east",2020-10-08,4.30972222222222,66.5308532726979,2.54294934904762
"264","east",2020-10-09,3.80347222222222,66.2363056484262,2.25556757010317
"265","east",2020-10-10,3.06180555555556,66.5868348808717,2.00065446503968
"266","east",2020-10-11,3.38958333333333,66.9757861666129,2.03975997871429
"267","east",2020-10-12,1.65416666666667,67.455044334251,2.20357124075397
"268","east",2020-10-13,2.74861111111111,67.505857325908,2.15252043363492
"269","east",2020-10-14,1.41180555555556,67.6314209677733,2.15208718536508
"270","east",2020-10-15,2.37777777777778,67.4294100663968,2.14232442042064
"271","east",2020-10-16,3.02361111111111,67.5456102017814,2.07540888839683
"272","east",2020-10-17,4.07013888888889,67.724358150365,2.18102043610317
"273","east",2020-10-18,3.42986111111111,67.5917265124088,2.35816673754762
"274","east",2020-10-19,6.38292682926829,67.1554578741224,2.32711011447536
"275","east",2020-10-20,3.60347222222222,66.6048854484898,2.16715578833068
"276","east",2020-10-21,2.93541666666667,66.2072009214286,2.27758375891486
"277","east",2020-10-22,1.9875,64.4028873172557,2.08089881023037
"278","east",2020-10-23,2.00208333333333,60.4526746089831,1.50815585679402
"279","east",2020-10-24,2.71736111111111,61.0960092293578,1.78579436440382
"280","east",2020-10-25,5.5125,61.3693218894737,3.75247477277778
"281","east",2020-10-26,4.92638888888889,61.6389249093596,3.75971899115079
"282","east",2020-10-27,2.63819444444444,61.5691925713355,3.59079770699206
"283","east",2020-10-28,3.66875,61.7568282035831,3.59149589937302
"284","east",2020-10-29,3.82083333333333,61.7883054785366,3.44749978018254
"285","east",2020-10-30,3.425,61.787381102439,3.56753079849206
"286","east",2020-10-31,3.04305555555556,62.0714019170732,3.66670791920635
"287","east",2020-11-01,2.28958333333333,61.9155747173701,4.30950758222222
"288","east",2020-11-02,3.29097222222222,61.9144761808824,4.08899805254372
"289","east",2020-11-03,3.26458333333333,61.2885253219078,3.56693639825397
"290","east",2020-11-04,2.13956834532374,61.2750413457377,3.8175148047619
"291","east",2020-11-05,2.7,59.7393266521423,2.91703714380159
"292","east",2020-11-06,7.25,58.9411796262136,3.45683764515873
"293","east",2020-11-07,9.90347222222222,58.339193538835,3.11920155388889
"294","east",2020-11-08,9.14444444444444,58.1944552665049,3.67661166706349
"295","east",2020-11-09,6.00555555555556,57.5649509997573,4.61524004452381
"296","east",2020-11-10,2.57569444444444,57.4446039867421,5.13180738555556
"297","east",2020-11-11,2.29930555555556,56.9577952443902,6.16217888626984
"298","east",2020-11-12,2.3625,57.0623897834677,6.69067679793651
"299","east",2020-11-13,3.95875,57.5500890330372,8.45872551063492
"300","east",2020-11-14,7.71319444444444,57.4442377244552,8.75940808690476
"301","east",2020-11-15,2.56736111111111,57.5478406483428,9.53249026968254
"302","east",2020-11-16,2.08055555555556,57.47965713654,9.88882426396825
"303","east",2020-11-17,3.21736111111111,57.5185623030719,10.1051189340476
"304","east",2020-11-18,2.13680555555556,57.7145937195142,9.97135449079365
"305","east",2020-11-19,2.48194444444444,57.7011296995961,8.5244839981746
"306","east",2020-11-20,1.60694444444444,57.6857820982927,7.45860334063492
"307","east",2020-11-21,3.05277777777778,56.6527776184529,4.36522158912698
"308","east",2020-11-22,4.64305555555556,56.5173471625806,4.54311355031746
"309","east",2020-11-23,4.13333333333333,56.3625195691566,4.87485765666667
"310","east",2020-11-24,3.87361111111111,56.5453276215088,5.68322882071429
"311","east",2020-11-25,2.43611111111111,56.6544370655974,5.63403793150794
"312","east",2020-11-26,2.85174825174825,56.5865987182839,6.5895117347619
"313","east",2020-11-27,2.22986111111111,56.6804284713483,7.66771804452381
"314","east",2020-11-28,1.71666666666667,56.67802814216,8.05030929992063
"315","east",2020-11-29,3.57638888888889,56.8759692106913,8.41581513880952
"316","east",2020-11-30,3.25763888888889,56.7872016027265,8.13700892095238
"317","east",2020-12-01,2.67013888888889,57.0300779839228,8.20167071373016
"318","east",2020-12-02,3.71111111111111,56.9390343648193,7.59637243293651
"319","east",2020-12-03,2.74236111111111,56.8995609692926,7.90202598880952
"320","east",2020-12-04,2.63263888888889,57.0008238485531,7.20663901150794
"321","east",2020-12-05,2.26388888888889,56.8939856602894,6.1161428452381
"322","east",2020-12-06,2.50555555555556,57.4148237806295,6.18851134960317
"323","east",2020-12-07,4.18819444444444,56.9618346501203,6.01029101380952
"324","east",2020-12-08,3.20555555555556,57.1156561160772,5.90418538
"325","east",2020-12-09,1.72152777777778,56.5459421218925,4.97199474531746
"326","east",2020-12-10,5.29166666666667,56.5201538760835,5.26818951261905
"327","east",2020-12-11,2.74513888888889,56.2557109773676,5.02261369944444
"328","east",2020-12-12,8.54444444444444,56.1548308542536,5.18455286722222
"329","east",2020-12-13,5.11527777777778,56.282765368138,5.78824080396825
"330","east",2020-12-14,8.85069444444444,55.6224190019231,4.93577286722222
"331","east",2020-12-15,4.31666666666667,55.7961497246973,5.57990059261905
"332","east",2020-12-16,1.98819444444444,55.8403791738363,5.77663948690476
"333","east",2020-12-17,6.20069444444444,56.2168399268058,6.77758616761905
"334","east",2020-12-18,4.74722222222222,56.216124418138,7.04379401960317
"335","east",2020-12-19,2.26875,56.1838876463512,7.42044115047619
"336","east",2020-12-20,1.94027777777778,56.2540247307939,7.62528455119048
"337","east",2020-12-21,1.70416666666667,56.0868611223558,7.29987195079365
"338","east",2020-12-22,3.34375,56.3574638946988,7.99812903436508
"339","east",2020-12-23,2.20486111111111,55.9969805654676,7.00664924880952
"340","east",2020-12-24,6.60138888888889,55.8242202679807,6.9147431752381
"341","east",2020-12-25,3.03472222222222,55.4386677597747,6.25908851428571
"342","east",2020-12-26,7.42152777777778,55.0624648683955,5.21570476301587
"343","east",2020-12-27,3.61666666666667,55.1655515921031,5.23623742714286
"344","east",2020-12-28,5.92708333333333,54.8546361333868,5.03861298611111
"345","east",2020-12-29,2.60208333333333,54.8663140789855,4.84481654293651
"346","east",2020-12-30,1.92986111111111,54.5544844355072,4.33293666944444
"347","east",2020-12-31,8.74236111111111,54.3949455186732,4.3870870902381
"348","SM",2020-01-02,2.17013888888889,57.6659214591071,1.51194220989887
"349","SM",2020-01-03,1.62708333333333,58.05566399375,1.28321278709697
"350","SM",2020-01-04,2.45,58.0706607746429,1.26586538551457
"351","SM",2020-01-05,3.71944444444444,58.2757885833731,1.40030530159429
"352","SM",2020-01-06,3.97083333333333,58.4676480014916,0.858716003509816
"353","SM",2020-01-07,1.51597222222222,58.3733975441334,0.900397848631767
"354","SM",2020-01-08,4.34305555555556,57.5603873502085,0.78612254702558
"355","SM",2020-01-09,8.15694444444444,57.6236478398214,0.763306908209399
"356","SM",2020-01-10,5.45763888888889,57.4894950505357,0.66848634066627
"357","SM",2020-01-11,2.01805555555556,56.8163973366071,0.733778281921475
"358","SM",2020-01-12,2.56388888888889,56.7020933080357,0.732407044437835
"359","SM",2020-01-13,1.76944444444444,56.6999934998214,0.72493923005354
"360","SM",2020-01-14,1.70138888888889,56.842894265,1.09054267163593
"361","SM",2020-01-15,1.46319444444444,56.4166003471114,1.08048509115407
"362","SM",2020-01-16,2.69930555555556,56.3477621569982,1.17474128463415
"363","SM",2020-01-17,4.71944444444444,56.153538601218,1.32913156138608
"364","SM",2020-01-18,2.70555555555556,56.1031689910584,1.33531470029744
"365","SM",2020-01-19,2.70972222222222,56.6540836935937,1.27171657544048
"366","SM",2020-01-20,2.30138888888889,56.7589427290898,1.18604959365476
"367","SM",2020-01-21,2.85972222222222,56.7665062578822,1.24852985675595
"368","SM",2020-01-22,3.40833333333333,56.5064538036883,0.517677782806314
"369","SM",2020-01-23,1.94583333333333,56.5531210036288,0.407107663767241
"370","SM",2020-01-24,3.00625,56.7195553105889,0.37284358127626
"371","SM",2020-01-25,1.9125,57.1981371481261,0.351350053063653
"372","SM",2020-01-26,1.525,57.4345618648424,0.334821159512195
"373","SM",2020-01-27,3.50277777777778,57.6228027804283,0.331870950400952
"374","SM",2020-01-28,6.00416666666667,58.5248836547676,0.333379754527662
"375","SM",2020-01-29,7.82430555555556,58.7748049220107,0.3586353148721
"376","SM",2020-01-30,5.50694444444444,58.7357208720405,0.358486166097561
"377","SM",2020-01-31,1.78985507246377,58.1864168208804,0.380198744931588
"378","SM",2020-02-01,3.09027777777778,58.0318378809042,0.394336781505057
"379","SM",2020-02-02,3.45755395683453,57.9470177294468,0.418767172189173
"380","SM",2020-02-03,7.94722222222222,57.8455855113028,0.529016785966686
"381","SM",2020-02-04,8.70763888888889,57.7344763202261,0.558544306882808
"382","SM",2020-02-05,5.93958333333333,57.2849127147531,0.560410242944676
"383","SM",2020-02-06,2.49444444444444,56.7072546010113,0.578746778346222
"384","SM",2020-02-07,2.16180555555556,56.5494615682927,0.563464702076145
"385","SM",2020-02-08,2.11944444444444,57.0870330122546,0.700620948673409
"386","SM",2020-02-09,3.41805555555556,56.9220926501487,0.727769696061868
"387","SM",2020-02-10,7.13263888888889,56.9558809336109,0.756864289827484
"388","SM",2020-02-11,5.12291666666667,57.0341864546103,0.807779964069007
"389","SM",2020-02-12,2.66805555555556,57.0461553677573,0.902424968167757
"390","SM",2020-02-13,1.30833333333333,57.2117174901249,0.974500271017252
"391","SM",2020-02-14,2.59440559440559,57.5072179311124,0.911279016412849
"392","SM",2020-02-15,2.39652777777778,57.7799323493159,0.981278245169542
"393","SM",2020-02-16,2.47291666666667,57.6310093937537,0.817201653194527
"394","SM",2020-02-17,0.909027777777778,58.3078822054134,0.795601091802498
"395","SM",2020-02-18,2.89791666666667,58.4243106192148,0.737268223557406
"396","SM",2020-02-19,2.29513888888889,58.4003220920286,0.577031437453897
"397","SM",2020-02-20,1.73541666666667,58.410804584771,0.412753677245687
"398","SM",2020-02-21,2.76458333333333,58.4355303581202,0.307397648084474
"399","SM",2020-02-22,3.41805555555556,58.8545854916121,0.279153034687686
"400","SM",2020-02-23,4.43888888888889,58.8690137337299,0.278889545002974
"401","SM",2020-02-24,2.26111111111111,58.9216835637121,0.273661350636526
"402","SM",2020-02-25,2.30277777777778,58.5385032879239,0.250324850916121
"403","SM",2020-02-26,2.31944444444444,58.602045848721,0.251994152998215
"404","SM",2020-02-27,3.06319444444444,58.8524036442594,0.257803455264723
"405","SM",2020-02-28,1.96875,58.7265847627008,0.27788207338489
"406","SM",2020-02-29,2.76041666666667,58.728144455,0.304600976281975
"407","SM",2020-03-01,5.54236111111111,57.9962066932143,0.333957418530637
"408","SM",2020-03-02,5.68263888888889,57.7751460465116,0.361306646085663
"409","SM",2020-03-03,6.89722222222222,57.7617566053667,0.365990824735277
"410","SM",2020-03-04,3.26527777777778,57.6797952486583,0.376407416543724
"411","SM",2020-03-05,2.01666666666667,57.7542477504462,0.385211911713266
"412","SM",2020-03-06,4.78402777777778,57.781656804997,0.398605895621654
"413","SM",2020-03-07,3.87291666666667,58.0977472221892,0.415341854449732
"414","SM",2020-03-08,2.57152777777778,58.5857277013682,0.360692658524688
"415","SM",2020-03-09,4.09444444444444,58.6913465417609,0.318107008227246
"416","SM",2020-03-10,6.675,58.805647276859,0.300454325627603
"417","SM",2020-03-11,2.31944444444444,58.8490214624628,0.284444689922665
"418","SM",2020-03-12,3.375,58.7424063274242,0.284092505758477
"419","SM",2020-03-13,3.15625,58.7089905838305,0.286099571421178
"420","SM",2020-03-14,2.87152777777778,58.3187112144219,0.255980171941701
"421","SM",2020-03-15,3.35763888888889,57.8360199917857,0.286193308393813
"422","SM",2020-03-16,6.05555555555556,56.8676426953571,0.273010224485425
"423","SM",2020-03-17,3.91597222222222,56.8676426953571,0.273319513902439
"424","SM",2020-03-18,4.28888888888889,57.6488927942857,0.3204777446163
"425","SM",2020-03-19,7.3625,57.6488927942857,0.320736402403331
"426","SM",2020-03-20,3.19236111111111,57.62109130625,0.372037260797145
"427","SM",2020-03-21,1.84375,57.5717001582986,0.363652448488995
"428","SM",2020-03-22,4.6125,57.6791904991672,0.391017373866746
"429","SM",2020-03-23,5.54930555555556,57.6243760608929,0.482961001820345
"430","SM",2020-03-24,10.4487179487179,57.4107247807143,0.563392962266508
"431","SM",2020-03-25,14.1,57.4107247807143,0.562176158899465
"432","SM",2020-03-26,10.0395833333333,56.7835358276621,0.744369175859607
"433","SM",2020-03-27,7.62847222222222,57.1438690150506,1.2204143984533
"434","SM",2020-03-28,3.49166666666667,57.0540221446163,1.36090986092207
"435","SM",2020-03-29,5.30486111111111,57.191041564188,1.51973975781083
"436","SM",2020-03-30,5.44513888888889,57.1785975527662,1.59385096634741
"437","SM",2020-03-31,3.21527777777778,57.5634450558001,1.5883702953956
"438","SM",2020-04-01,2.17152777777778,57.8663490927424,1.50210172676383
"439","SM",2020-04-02,3.13402777777778,57.8213467139798,1.44170846839976
"440","SM",2020-04-03,1.59791666666667,58.2681643198691,1.43439064766211
"441","SM",2020-04-04,2.81527777777778,58.0875783823914,0.754894812331945
"442","SM",2020-04-05,4.9125,58.0875783823914,0.731437455936942
"443","SM",2020-04-06,6.35277777777778,57.9627261961333,0.671183837376562
"444","SM",2020-04-07,3.11944444444444,58.2950744467579,0.629243848637716
"445","SM",2020-04-08,3.52361111111111,57.6027695633274,0.90823740886972
"446","SM",2020-04-09,3.71041666666667,57.3441966865501,1.46051787902161
"447","SM",2020-04-10,6.22430555555556,57.1633884701252,0.963636078906157
"448","SM",2020-04-11,4.56180555555556,57.4013839371802,1.19765104676978
"449","SM",2020-04-12,3.90763888888889,58.3339851575848,1.46763280593099
"450","SM",2020-04-13,3.99652777777778,58.2883183266508,1.48251194379536
"451","SM",2020-04-14,3.35833333333333,58.2961216933968,1.34911362764426
"452","SM",2020-04-15,3.94722222222222,58.1463262373587,1.19959979170137
"453","SM",2020-04-16,2.67986111111111,58.3103151399167,1.05772598614515
"454","SM",2020-04-17,2.79027777777778,58.262153643367,1.02138704700773
"455","SM",2020-04-18,4.41736111111111,58.3382163938132,1.19573835805473
"456","SM",2020-04-19,3.95069444444444,58.7000111994051,1.46853900021416
"457","SM",2020-04-20,4.51388888888889,58.4646906183224,2.14851114785842
"458","SM",2020-04-21,5.76736111111111,58.8320161964307,2.63326573700178
"459","SM",2020-04-22,1.93680555555556,58.717424481856,2.94835224966092
"460","SM",2020-04-23,3.77291666666667,58.9100773933968,3.44516392901249
"461","SM",2020-04-24,1.49166666666667,59.2912900448543,3.90188959805473
"462","SM",2020-04-25,2.98055555555556,59.5583827541344,4.24662777496133
"463","SM",2020-04-26,1.72777777777778,60.0769233429422,5.25053381877454
"464","SM",2020-04-27,2.68541666666667,60.2097011695057,5.0168903922903
"465","SM",2020-04-28,2.14583333333333,61.713130989994,3.47198725678763
"466","SM",2020-04-29,2.19791666666667,61.5456030086853,2.73838322039905
"467","SM",2020-04-30,1.48819444444444,62.560701564069,3.81816994983938
"468","SM",2020-05-01,2.2875,62.5105442781678,3.73543091168352
"469","SM",2020-05-02,3.86805555555556,62.4532922842356,3.57007571642475
"470","SM",2020-05-03,3.18402777777778,62.6501295581202,3.94512885268888
"471","SM",2020-05-04,4.11919191919192,62.8450759421773,5.55936966036883
"472","SM",2020-05-05,3.28680555555556,62.8353095158834,5.64969265330755
"473","SM",2020-05-06,2.44166666666667,62.5907722494943,6.12470435928614
"474","SM",2020-05-07,1.14791666666667,62.6763335372992,5.6698670123141
"475","SM",2020-05-08,2.35486111111111,62.6994241054134,5.81110198211184
"476","SM",2020-05-09,1.82291666666667,62.7848296284355,6.44658047107674
"477","SM",2020-05-10,3.02361111111111,62.7784576764286,6.31134271776324
"478","SM",2020-05-11,3.26319444444444,62.3313886387864,5.31964781748364
"479","SM",2020-05-12,5.05,61.6575406955384,2.7983478633492
"480","SM",2020-05-13,4.77291666666667,61.4689813625223,2.10672125041047
"481","SM",2020-05-14,5.01388888888889,61.3960165325,2.12584679325402
"482","SM",2020-05-15,6.04930555555556,61.29374501,1.97596853595479
"483","SM",2020-05-16,2.36666666666667,60.933248165,1.9299269656276
"484","SM",2020-05-17,3.10138888888889,60.8893900164286,2.25189741462225
"485","SM",2020-05-18,5.28333333333333,60.8865635503571,1.87371001033314
"486","SM",2020-05-19,8.99583333333333,60.8092174967857,1.78420177619869
"487","SM",2020-05-20,3.40833333333333,60.8413236167857,1.63028295781678
"488","SM",2020-05-21,3.73402777777778,60.9126851214541,1.6360569435812
"489","SM",2020-05-22,3.18055555555556,60.8465839951786,1.49649029549673
"490","SM",2020-05-23,3.5375,60.831316775,1.48901744689471
"491","SM",2020-05-24,3.07083333333333,61.0736666605357,1.43445096322427
"492","SM",2020-05-25,3.375,61.1908296457143,0.874247888245092
"493","SM",2020-05-26,3.1375,60.9649299446429,0.804887513878644
"494","SM",2020-05-27,2.64166666666667,61.1211007014286,0.729677651671624
"495","SM",2020-05-28,2.85277777777778,61.544516140882,0.578719625241215
"496","SM",2020-05-29,1.91875,60.9886817182186,0.474288277595847
"497","SM",2020-05-30,3.20972222222222,59.1660721495327,0.474288277595847
"498","SM",2020-05-31,4.45763888888889,61.287204608,0.476738217531949
"499","SM",2020-06-01,4.60555555555556,61.3872341654545,0.462358493080607
"500","SM",2020-06-02,3.30138888888889,61.3872341654545,0.462358493080607
"501","SM",2020-06-03,3.89583333333333,61.8177476631767,0.696812482929594
"502","SM",2020-06-04,4.86180555555556,61.9150833848899,0.870729060518166
"503","SM",2020-06-05,2.25694444444444,61.7550222151101,0.867233713402736
"504","SM",2020-06-06,3.53819444444444,63.2957237815586,0.929519214687686
"505","SM",2020-06-07,5.49375,64.1621579619274,0.908528569286139
"506","SM",2020-06-08,7.33680555555556,64.76640646163,0.889775052724569
"507","SM",2020-06-09,4.50625,64.6872552243902,0.891251791088638
"508","SM",2020-06-10,2.77916666666667,64.4442375563355,0.863039810862582
"509","SM",2020-06-11,2.3625,64.6288663614286,0.850583162587745
"510","SM",2020-06-12,3.09027777777778,64.8529215917857,0.762317491368233
"511","SM",2020-06-13,3.90972222222222,65.3120831171429,0.73895094092207
"512","SM",2020-06-14,3.35138888888889,64.5627389964286,0.641905723509816
"513","SM",2020-06-15,3.12152777777778,63.8673812910714,0.628264834128495
"514","SM",2020-06-16,4.43402777777778,63.6175630003571,0.603905090951814
"515","SM",2020-06-17,2.55763888888889,63.6457235064286,0.603729543206425
"516","SM",2020-06-18,3.28402777777778,63.8272477196429,0.564968956454491
"517","SM",2020-06-19,3.83125,63.96279371,0.492387781629982
"518","SM",2020-06-20,2.30277777777778,64.3063682893007,0.42551269981856
"519","SM",2020-06-21,2.71944444444444,64.3110978124328,0.427372822378941
"520","SM",2020-06-22,3.37638888888889,63.3048219269231,0.296528019241036
"521","SM",2020-06-23,3.51944444444444,62.306886858905,0.365823341851852
"522","SM",2020-06-24,2.23611111111111,62.2398035544704,0.365823341851852
"523","SM",2020-06-25,1.91041666666667,62.1922287498968,0.375148574978723
"524","SM",2020-06-26,2.09583333333333,63.6131735685714,0.9485114107674
"525","SM",2020-06-27,1.88194444444444,63.6366467,0.91595654784652
"526","SM",2020-06-28,2.89097222222222,63.7718711289286,0.861439605502677
"527","SM",2020-06-29,3.15416666666667,64.3371915746429,0.88117513154075
"528","SM",2020-06-30,2.73333333333333,64.7273521100535,1.06475083854848
"529","SM",2020-07-01,2.92222222222222,65.5491336004759,1.12160309738846
"530","SM",2020-07-02,2.74166666666667,66.0884317525283,1.12438179476502
"531","SM",2020-07-03,3.18541666666667,66.3945496766211,1.17900438709102
"532","SM",2020-07-04,3.58611111111111,66.881926953956,2.13806515107674
"533","SM",2020-07-05,2.58263888888889,67.1252478829268,2.08939301682332
"534","SM",2020-07-06,2.73680555555556,67.3261830233195,2.03194874688876
"535","SM",2020-07-07,17.9934306569343,67.7021733752528,2.10519090249256
"536","SM",2020-07-08,35.4,68.0663128066627,2.09401216696014
"537","SM",2020-07-09,20.5093457943925,68.3602146929209,2.22840920756098
"538","SM",2020-07-10,31.5963855421687,68.3108554537775,2.16538749803093
"539","SM",2020-07-11,4.20724637681159,68.2761995889286,2.31256343330756
"540","SM",2020-07-12,2.51736111111111,68.2153149553571,1.28136453071981
"541","SM",2020-07-13,3.01597222222222,68.1491327803571,1.19202333370018
"542","SM",2020-07-14,2.22569444444444,68.0402459525,1.24691232814991
"543","SM",2020-07-15,3.94027777777778,67.7756724864286,1.1868220100119
"544","SM",2020-07-16,2.94791666666667,67.0476950342857,1.15564771483641
"545","SM",2020-07-17,3.37013888888889,66.3218880406194,1.41281668695419
"546","SM",2020-07-18,4.02222222222222,65.7868940460714,1.46750269292088
"547","SM",2020-07-19,5.38125,65.7002489301966,1.46728099309935
"548","SM",2020-07-20,3.77013888888889,65.4656865368672,1.45324296585961
"549","SM",2020-07-21,3.20208333333333,64.9715382381179,1.4926613553837
"550","SM",2020-07-22,3.02430555555556,64.6369373439286,1.40312836580607
"551","SM",2020-07-23,2.47777777777778,64.2525425332143,1.466109241279
"552","SM",2020-07-24,3.17430555555556,64.4180666784946,1.45325755138013
"553","SM",2020-07-25,2.80069444444444,64.345521665027,1.05796313331538
"554","SM",2020-07-26,3.16111111111111,64.7258513706522,1.04578355321364
"555","SM",2020-07-27,3.91736111111111,63.9119549452153,1.03261131712747
"556","SM",2020-07-28,4.66595744680851,63.885911041047,1.17759574457466
"557","SM",2020-07-29,2.70763888888889,64.2013193080309,1.11921641747769
"558","SM",2020-07-30,3.81388888888889,63.8948917710886,1.22913976835812
"559","SM",2020-07-31,4.92916666666667,63.892970907674,1.22701951981559
"560","SM",2020-08-01,3.82638888888889,63.8427993459845,1.23959674848899
"561","SM",2020-08-02,1.70694444444444,63.8760315791418,1.300729938953
"562","SM",2020-08-03,1.46111111111111,64.0678985952353,1.33860509268293
"563","SM",2020-08-04,2.24097222222222,64.830995781894,1.25044067633551
"564","SM",2020-08-05,4.10486111111111,65.033942405116,1.14272839042832
"565","SM",2020-08-06,3.00138888888889,65.093780856633,0.98746236215348
"566","SM",2020-08-07,4.06111111111111,65.201787615467,0.942543012867341
"567","SM",2020-08-08,3.91111111111111,65.1093061039857,0.952426770124926
"568","SM",2020-08-10,3.45486111111111,65.2560384140393,1.03089012695419
"569","SM",2020-08-11,3.95763888888889,65.817544917906,0.984620157162403
"570","SM",2020-08-12,3.89791666666667,66.0809239942891,0.970102317822725
"571","SM",2020-08-30,3.17916666666667,64.9880589821782,0.53747816975089
"572","SM",2020-08-31,2.69236111111111,65.904442471035,0.611500861122685
"573","SM",2020-09-01,3.50833333333333,66.7181904178571,0.467115405793269
"574","SM",2020-09-02,5.17777777777778,66.896221533492,0.530406851665675
"575","SM",2020-09-03,3.08194444444444,67.5522030986318,0.708500832224866
"576","SM",2020-09-04,2.46944444444444,67.5527606328376,0.708500832224866
"577","SM",2020-09-05,3.93680555555556,67.5568470397383,0.708500832224866
"578","SM",2020-09-06,3.83541666666667,67.5568470397383,0.708500832224866
"579","SM",2020-09-07,3.74375,67.7891826029744,0.725242744330756
"580","SM",2020-09-08,1.98472222222222,68.0626766986301,0.764155300844735
"581","SM",2020-09-09,4.24583333333333,68.4600133610482,0.931982942165378
"582","SM",2020-09-10,4.49513888888889,69.7365261766894,1.18565670554224
"583","SM",2020-09-11,5.02430555555556,65.8164283960691,1.43987185023629
"584","SM",2020-09-12,3.91736111111111,65.8132577630733,1.43987185023629
"585","SM",2020-09-13,4.25347222222222,66.1740118837403,1.43987185023629
"586","SM",2020-09-14,3.93958333333333,67.1900256488386,1.18758203409336
"587","SM",2020-09-15,3.05,67.4190604608696,1.1006871192436
"588","SM",2020-09-16,4.87083333333333,67.5390133324598,0.997042259321832
"589","SM",2020-09-17,4.01388888888889,67.6058858571769,0.971217373301606
"590","SM",2020-09-18,3.94305555555556,67.686330287091,0.891202256692445
"591","SM",2020-09-19,3.69930555555556,67.9663433390839,0.818863130350982
"592","SM",2020-09-20,2.48958333333333,68.0016840829268,0.801367229220702
"593","SM",2020-09-21,2.05625,68.3029239277811,0.800485602177275
"594","SM",2020-09-22,2.79236111111111,68.2349517377751,0.71204187989887
"595","SM",2020-09-23,2.15833333333333,68.1837890571089,0.689851483753718
"596","SM",2020-09-24,2.56944444444444,68.2754381140987,0.655022235175491
"597","SM",2020-09-25,2.71666666666667,68.2061320084474,0.647119943961927
"598","SM",2020-09-26,2.475,68.2018716397383,0.614130995960738
"599","SM",2020-09-27,2.61180555555556,68.4003481953599,0.527410557453897
"600","SM",2020-09-28,1.86458333333333,69.0615053547888,0.46068306312909
"601","SM",2020-09-29,4.47916666666667,69.5334117060083,0.425519719500297
"602","SM",2020-09-30,5.49375,69.7523107810827,0.412340231475312
"603","SM",2020-10-01,2.37430555555556,69.9682091394408,0.400961007953599
"604","SM",2020-10-02,1.62083333333333,69.9994588441404,0.46395301209994
"605","SM",2020-10-03,2.28680555555556,70.1659030441404,0.460385365621654
"606","SM",2020-10-04,2.51597222222222,70.241152943605,0.478917677085068
"607","SM",2020-10-05,3.35208333333333,70.4360551339679,0.488610151624033
"608","SM",2020-10-06,3.62291666666667,69.8079466298632,0.499343173973825
"609","SM",2020-10-07,1.66527777777778,68.59255909768,0.530713244485425
"610","SM",2020-10-08,2.22152777777778,68.0643578406901,0.560953745300416
"611","SM",2020-10-09,4.44861111111111,67.9910373088638,0.554093326406901
"612","SM",2020-10-10,3.70486111111111,68.2677474293873,0.478015333372992
"613","SM",2020-10-11,2.91944444444444,68.5449470267698,0.478315445139798
"614","SM",2020-10-12,2.19513888888889,68.7147321906008,0.464939423676383
"615","SM",2020-10-13,1.95486111111111,68.8975475876264,0.472518202784057
"616","SM",2020-10-14,1.52222222222222,69.0840926799524,0.475228120957763
"617","SM",2020-10-15,2.27569444444444,69.21712961,0.458621779756098
"618","SM",2020-10-16,2.83819444444444,69.5158772707143,0.448351309809637
"619","SM",2020-10-17,3.71597222222222,69.779890235,0.43726961856633
"620","SM",2020-10-18,1.50277777777778,69.7578819682143,0.457703460368828
"621","SM",2020-10-19,3.17073170731707,69.1638161162597,0.452777359089827
"622","SM",2020-10-20,1.83194444444444,68.9760003082787,0.473476397451807
"623","SM",2020-10-21,2.32430555555556,68.5785688054305,0.437212149131148
"624","SM",2020-10-22,1.82361111111111,67.908202608076,0.406841255679443
"625","SM",2020-10-23,2.31527777777778,65.0109843657459,2.34252109441774
"626","SM",2020-10-24,2.65347222222222,64.8792650493151,1.56409262947055
"627","SM",2020-10-25,5.8625,64.7763270390244,1.3963127171981
"628","SM",2020-10-26,8.69722222222222,64.9534065973825,1.22736294881618
"629","SM",2020-10-27,5.88472222222222,64.9838885651398,1.14833185527662
"630","SM",2020-10-28,3.98402777777778,65.0014453218323,1.13801160352171
"631","SM",2020-10-29,2.78263888888889,64.9716223543129,1.12450269982153
"632","SM",2020-10-30,2.16666666666667,64.9528555585961,1.12197968700773
"633","SM",2020-10-31,2.80416666666667,64.910671990006,0.856508987733492
"634","SM",2020-11-01,2.44861111111111,64.8776320584176,0.860975972641285
"635","SM",2020-11-02,2.35138888888889,64.9858677232143,0.810425339750149
"636","SM",2020-11-03,1.75069444444444,64.8132099293893,0.853776731917293
"637","SM",2020-11-04,2.23956834532374,64.5774475481641,0.909545517383438
"638","SM",2020-11-05,3.00294117647059,62.624718651083,0.950680100967164
"639","SM",2020-11-06,3.74722222222222,62.0989381796064,2.22096805355741
"640","SM",2020-11-07,10.8326388888889,61.1149064198214,2.01771617243308
"641","SM",2020-11-08,9.94652777777778,60.3155220392857,2.27817271380131
"642","SM",2020-11-09,6.38402777777778,59.627218955,2.48226437269482
"643","SM",2020-11-10,2.91666666666667,59.4518909737061,2.57906801933373
"644","SM",2020-11-11,2.64027777777778,59.3300848237954,2.59375073480071
"645","SM",2020-11-12,2.01041666666667,59.2851373370018,2.65271368941107
"646","SM",2020-11-13,2.44177215189873,59.8298418875669,3.5063907964307
"647","SM",2020-11-14,4.85902777777778,59.638267782094,3.20080290095181
"648","SM",2020-11-15,2.30416666666667,59.7595132844735,3.35999637754313
"649","SM",2020-11-16,2.97569444444444,59.612810576978,3.48164066114218
"650","SM",2020-11-17,2.80902777777778,59.6794131238549,3.71764777017847
"651","SM",2020-11-18,2.47361111111111,59.8457886548214,3.76800521284949
"652","SM",2020-11-19,2.71875,59.8244528557143,3.77400051427722
"653","SM",2020-11-20,1.81458333333333,59.7765172035714,3.9874988471862
"654","SM",2020-11-21,2.92361111111111,58.5270192001786,2.32608076907793
"655","SM",2020-11-22,4.37083333333333,58.1997304860714,2.75695153994051
"656","SM",2020-11-23,2.84166666666667,58.2076028872695,2.78895510927424
"657","SM",2020-11-24,2.87986111111111,58.4719543764426,2.84614774268888
"658","SM",2020-11-25,2.1125,58.5694107838192,2.65782925201666
"659","SM",2020-11-26,2.11760563380282,58.5936846720405,2.80381093452112
"660","SM",2020-11-27,4.30069444444444,58.7511856603807,2.71685571506246
"661","SM",2020-11-28,2.84930555555556,58.9215887606782,2.63415382395598
"662","SM",2020-11-29,3.70555555555556,59.191321943605,2.82393068528852
"663","SM",2020-11-30,3.90138888888889,59.116064694765,2.62118990860202
"664","SM",2020-12-01,2.78125,59.3709950123141,2.69168700985723
"665","SM",2020-12-02,3.09375,59.3092664424747,2.45649579952409
"666","SM",2020-12-03,3.76041666666667,59.2161906798929,2.5265432341166
"667","SM",2020-12-04,2.74791666666667,59.2669665040452,2.32083258483641
"668","SM",2020-12-05,2.98194444444444,59.1385069298632,2.3627833697561
"669","SM",2020-12-06,3.325,59.2566072550863,2.27805630159429
"670","SM",2020-12-07,3.55138888888889,58.8207716783462,1.81716332479476
"671","SM",2020-12-08,2.95138888888889,59.0985691814396,1.71483351720999
"672","SM",2020-12-09,1.63611111111111,58.1659973719215,1.23006352494349
"673","SM",2020-12-10,3.92083333333333,57.8132575771325,1.22410133155265
"674","SM",2020-12-11,2.76666666666667,57.6717895803983,1.10112515186179
"675","SM",2020-12-12,6.69097222222222,57.8053203299227,1.18372981367043
"676","SM",2020-12-13,4.4125,58.1382092315883,1.1773603948602
"677","SM",2020-12-14,7.59861111111111,57.7080144602618,1.04739551117192
"678","SM",2020-12-15,5.70625,57.8392413146007,1.81645174766805
"679","SM",2020-12-16,3.44513888888889,57.7583013151786,1.79178870595479
"680","SM",2020-12-17,5.08333333333333,58.3064478130357,2.15699471856038
"681","SM",2020-12-18,5.75,58.2562638751786,2.07912153817371
"682","SM",2020-12-19,2.60902777777778,58.1385757635714,2.01889104301011
"683","SM",2020-12-20,2.10555555555556,58.1707710157143,2.1242601005116
"684","SM",2020-12-21,2.25486111111111,58.0234983205357,2.27865109707317
"685","SM",2020-12-22,2.43125,58.1562385539286,3.17237502105889
"686","SM",2020-12-23,3.08402777777778,57.8675735649613,2.54010353863772
"687","SM",2020-12-24,4.45208333333333,57.8316098101725,2.50304140518739
"688","SM",2020-12-25,2.78541666666667,57.2477234779893,2.32316709724569
"689","SM",2020-12-26,4.61597222222222,56.6057905375372,2.20463005802499
"690","SM",2020-12-27,3.66111111111111,56.4468907880428,2.29859669954194
"691","SM",2020-12-28,7.05069444444444,56.2148661252826,2.28026244883403
"692","SM",2020-12-29,6.60972222222222,56.3006921298037,2.24601758143962
"693","SM",2020-12-30,6.22638888888889,56.1873407110648,1.67532119571684
"694","SM",2020-12-31,8.18055555555556,55.8832175708507,1.7162945569304
"695","west",2020-01-02,11.8229166666667,54.5315954401914,8.89849445811448
"696","west",2020-01-03,4.46805555555556,55.2168685692623,7.55683260127946
"697","west",2020-01-04,4.54652777777778,55.2445231686475,7.78751723299663
"698","west",2020-01-05,12.0409722222222,55.3766935991348,9.12203042276094
"699","west",2020-01-06,7.00069444444444,55.5462664373038,6.71751816150842
"700","west",2020-01-07,2.40416666666667,55.624874562447,5.94809607619529
"701","west",2020-01-08,11.9145833333333,55.3162932154164,2.96637601180471
"702","west",2020-01-09,10.7631944444444,55.3344362544338,2.21193850781145
"703","west",2020-01-10,8.40416666666667,55.1543825880435,1.99184004329293
"704","west",2020-01-11,10.2361111111111,54.6819360484746,1.93539642020202
"705","west",2020-01-12,11.4520833333333,54.638252811322,2.5456530473064
"706","west",2020-01-13,11.4604166666667,54.638252811322,2.53075585777104
"707","west",2020-01-14,11.1118055555556,54.7310114929204,3.63397668363636
"708","west",2020-01-15,7.09166666666667,54.5036953055744,3.84661647643098
"709","west",2020-01-16,5.47777777777778,54.4233638541353,4.33241016289562
"710","west",2020-01-17,7.00833333333333,54.292004908442,4.91187343232323
"711","west",2020-01-18,4.65,54.20871032875,5.43582821042453
"712","west",2020-01-19,3.54027777777778,53.7531204281022,5.59203150818733
"713","west",2020-01-20,2.52361111111111,54.4449892087755,3.95486671050505
"714","west",2020-01-21,3.10902777777778,54.4449892087755,4.00378912857239
"715","west",2020-01-22,6.46527777777778,54.521260107332,2.20992854420202
"716","west",2020-01-23,4.72708333333333,54.5204991541808,1.70193103323906
"717","west",2020-01-24,9.5625,54.5205348445955,1.70125174595286
"718","west",2020-01-25,9.01736111111111,54.628430691712,1.75405542931313
"719","west",2020-01-26,9.20625,54.7058773773777,1.55781726399327
"720","west",2020-01-27,10.9652777777778,54.9372698040761,1.52294802152189
"721","west",2020-01-28,10.9930555555556,54.8039412848548,1.84078471950135
"722","west",2020-01-29,11.8826388888889,55.5929591427699,1.89499771753535
"723","west",2020-01-30,10.2965277777778,55.7046020318584,2.72602859836364
"724","west",2020-01-31,4.28333333333333,55.2549173320921,2.73757404387879
"725","west",2020-02-01,3.50972222222222,55.0808324312796,2.57105971307071
"726","west",2020-02-02,12.3028985507246,55.0696617476642,2.70670370749495
"727","west",2020-02-03,13.0847222222222,55.1797122698917,2.63242336161616
"728","west",2020-02-04,6.86597222222222,55.182591394249,2.57370695515152
"729","west",2020-02-05,4.74861111111111,55.1228272351351,2.37933510323232
"730","west",2020-02-06,6.33680555555556,54.5472795241379,2.42747269935354
"731","west",2020-02-07,5.65416666666667,54.4686389652703,1.80623754026936
"732","west",2020-02-08,7.93055555555556,54.8741894907734,2.64884973353535
"733","west",2020-02-09,8.48194444444444,54.9751528016961,2.71395296363636
"734","west",2020-02-10,7.38333333333333,55.172690336,3.26501234707071
"735","west",2020-02-11,7.53888888888889,55.0622028141017,3.31422932383838
"736","west",2020-02-12,2.26736111111111,55.0494883450847,3.6268352159596
"737","west",2020-02-13,1.85833333333333,55.1518729021695,3.688846407367
"738","west",2020-02-14,5.44195804195804,55.3508326932881,3.61448484422896
"739","west",2020-02-15,7.27777777777778,55.6151683021784,4.61154941679461
"740","west",2020-02-16,7.16875,55.5735130918644,3.99745867850505
"741","west",2020-02-17,11.5201388888889,55.9317939624915,4.62342608851852
"742","west",2020-02-18,5.22222222222222,55.8382923982397,4.52631718692256
"743","west",2020-02-19,8.21180555555556,56.0189072743399,4.60589702174411
"744","west",2020-02-20,5.50555555555556,55.9671358443467,4.2683348019798
"745","west",2020-02-21,2.75277777777778,56.050183867253,4.17949591123232
"746","west",2020-02-22,4.36736111111111,56.6628146166554,4.21794027556902
"747","west",2020-02-23,9.90694444444444,56.8157003966171,3.32132665822896
"748","west",2020-02-24,10.70625,57.0323541073898,3.59917584383165
"749","west",2020-02-25,6.88958333333333,56.9028858251872,2.71178898759596
"750","west",2020-02-26,3.48472222222222,56.8924763320626,2.43421550344781
"751","west",2020-02-27,2.67916666666667,56.9571142848877,2.43872173824916
"752","west",2020-02-28,1.73541666666667,56.8483269228106,2.42034993697643
"753","west",2020-02-29,6.78055555555556,56.7437034932969,3.3376105236431
"754","west",2020-03-01,10.36875,55.7793484959044,3.30227089628956
"755","west",2020-03-02,7.64027777777778,55.2987282401792,3.5454544352628
"756","west",2020-03-03,8.40972222222222,55.3173839999316,3.30309390016846
"757","west",2020-03-04,5.36180555555556,55.2786696411765,3.68810794681941
"758","west",2020-03-05,2.94722222222222,54.9759984641587,3.74247524902965
"759","west",2020-03-06,7.23402777777778,54.977329177565,3.82283739923181
"760","west",2020-03-07,3.73402777777778,55.0296748582865,4.46445916875
"761","west",2020-03-08,2.18958333333333,54.8573909140265,2.89396857645118
"762","west",2020-03-09,6.88541666666667,55.2443080714602,3.11320750144016
"763","west",2020-03-10,7.22986111111111,55.2443080714602,3.11320750144016
"764","west",2020-03-11,3.09027777777778,55.0644205324561,3.62046216187455
"765","west",2020-03-12,3.55347222222222,55.1901881320755,1.59935037505287
"766","west",2020-03-13,3.08819444444444,55.0991795942682,1.53993025252652
"767","west",2020-03-14,3.93680555555556,54.9118941413528,0.984156564168385
"768","west",2020-03-15,4.59513888888889,55.0333917536735,1.06047631034343
"769","west",2020-03-16,6.54097222222222,54.9862021035495,0.922819677353535
"770","west",2020-03-17,3.34930555555556,54.9862021035495,0.922819677353535
"771","west",2020-03-18,7.59236111111111,55.1171495853925,1.64868367520539
"772","west",2020-03-19,5.17638888888889,55.1171495853925,1.64868367520539
"773","west",2020-03-20,1.70972222222222,55.2920699313311,1.6955125936835
"774","west",2020-03-21,2.85416666666667,55.3194312355434,1.66867913960269
"775","west",2020-03-22,7.64027777777778,55.5499524687117,1.89293688358491
"776","west",2020-03-23,3.93125,55.4954533546809,1.98311704554054
"777","west",2020-03-24,13.9015748031496,55.2552148297352,1.84509426478114
"778","west",2020-03-25,11.1816666666667,55.2524973142566,1.82925717057912
"779","west",2020-03-26,7.75625,54.8099070563981,1.51025516602694
"780","west",2020-03-27,9.12638888888889,54.8263756865944,4.84805177177104
"781","west",2020-03-28,9.23263888888889,54.5666016955992,6.77047562409428
"782","west",2020-03-29,8.66388888888889,54.4747821411645,9.13840912682155
"783","west",2020-03-30,9.23888888888889,54.2580316705683,10.8809913887071
"784","west",2020-03-31,12.03125,53.9905263926252,12.5734019625589
"785","west",2020-04-01,12.9194444444444,53.5875170781101,13.3125313033805
"786","west",2020-04-02,10.9798611111111,53.5813079236574,13.6871931868148
"787","west",2020-04-03,11.8930555555556,53.5686232478082,15.614526176633
"788","west",2020-04-04,10.9236111111111,53.3943092830485,13.8620080038586
"789","west",2020-04-05,5.18541666666667,53.3953556026731,14.0977148778653
"790","west",2020-04-06,4.53472222222222,53.1365359808642,12.5214040144848
"791","west",2020-04-07,2.19791666666667,52.8133744543523,11.9051916187811
"792","west",2020-04-08,3.00277777777778,52.7997226127389,12.825467129865
"793","west",2020-04-09,3.31111111111111,53.1171510327904,13.7529351435111
"794","west",2020-04-10,5.95625,53.1403756430595,13.2577233732883
"795","west",2020-04-11,10.5590277777778,53.8741338803268,16.0945991225589
"796","west",2020-04-12,7.13333333333333,54.5212233353584,14.7031178018182
"797","west",2020-04-13,7.11736111111111,54.7573175909401,12.5137439384512
"798","west",2020-04-14,7.325,54.8727257159401,11.2245024319865
"799","west",2020-04-15,4.81527777777778,55.1402528519074,9.70891845602694
"800","west",2020-04-16,8.10625,55.4940646795779,7.34417727251852
"801","west",2020-04-17,6.82916666666667,55.3438263813479,7.16813283637037
"802","west",2020-04-18,6.25833333333333,55.0854468954484,7.41307079575758
"803","west",2020-04-19,6.78472222222222,54.8557508636735,9.3953472193266
"804","west",2020-04-20,7.73680555555556,54.2990876983707,8.75188635030303
"805","west",2020-04-21,11.7861111111111,54.0987624831407,13.5794012435984
"806","west",2020-04-22,12.5583333333333,54.5386228445275,15.4571310934007
"807","west",2020-04-23,12.7006944444444,54.5213141277362,18.7480003588552
"808","west",2020-04-24,11.3965277777778,54.4383767838776,19.4022702062626
"809","west",2020-04-25,8.82569444444444,54.8309163338995,19.2490164616835
"810","west",2020-04-26,10.2729166666667,55.1036754179155,21.0831162209428
"811","west",2020-04-27,12.5875,55.4242438461591,17.0232360083502
"812","west",2020-04-28,9.69513888888889,55.8192949844475,18.2317022729966
"813","west",2020-04-29,6.12430555555556,55.4655949556841,14.4019764135354
"814","west",2020-04-30,11.9722222222222,54.7398776061266,13.8234631232458
"815","west",2020-05-01,11.80625,54.6782462273656,10.5756531598923
"816","west",2020-05-02,11.2791666666667,54.6989882202041,10.1633508727138
"817","west",2020-05-03,11.3826388888889,54.3941945250171,11.4785364278249
"818","west",2020-05-04,11.8638888888889,54.5488557312883,10.9838800008822
"819","west",2020-05-05,12.0027777777778,54.3006819854209,11.0416874660539
"820","west",2020-05-06,13.4159722222222,54.0960429731006,10.7649579657508
"821","west",2020-05-07,9.78819444444444,54.3578681137309,11.4266800487407
"822","west",2020-05-08,5.44375,55.2279886556091,9.74822986525253
"823","west",2020-05-09,2.69583333333333,55.6393621206731,8.79378492996633
"824","west",2020-05-10,3.35902777777778,55.656289947898,7.94753724558923
"825","west",2020-05-11,3.27708333333333,55.2868234175307,7.39817187952862
"826","west",2020-05-12,4.12986111111111,54.9390406837893,7.85503981468013
"827","west",2020-05-13,8.95138888888889,54.9093610125855,7.99249094828283
"828","west",2020-05-14,9.39375,54.9721981316689,7.288915323367
"829","west",2020-05-15,11.3888888888889,54.9563636184679,7.288915323367
"830","west",2020-05-16,11.7423611111111,54.5456003858904,7.58543108430976
"831","west",2020-05-17,6.50486111111111,54.1536903525703,6.53566503232323
"832","west",2020-05-18,2.92291666666667,53.9511930794258,6.11069381905724
"833","west",2020-05-19,5.50416666666667,53.6584862917476,8.29541907387205
"834","west",2020-05-20,10.54375,53.6815283769441,8.56250952538721
"835","west",2020-05-21,10.9875,53.8221788645492,9.20793106626263
"836","west",2020-05-22,10.9090277777778,54.2300926893515,9.78488622195286
"837","west",2020-05-23,9.31736111111111,54.1419910596587,9.77610655037037
"838","west",2020-05-24,8.28819444444444,54.079978705529,9.84596804821549
"839","west",2020-05-25,5.09652777777778,54.3101257157787,11.1781947921414
"840","west",2020-05-26,4.16111111111111,54.5214995627667,13.6409614874983
"841","west",2020-05-27,4.06666666666667,55.6384890183243,9.53695233954607
"842","west",2020-05-28,2.75069444444444,56.4220863232143,8.568845504
"843","west",2020-05-29,2.8125,57.0007286342739,1.75536445842193
"844","west",2020-05-30,3.29722222222222,56.031624871298,1.84554505656566
"845","west",2020-05-31,6.5125,56.0118033841739,2.32352275478226
"846","west",2020-06-01,9.51875,56.6560911762611,2.41793664336123
"847","west",2020-06-02,9.38958333333333,56.5841415375281,2.43386206443436
"848","west",2020-06-03,7.34513888888889,56.6754004919808,3.30484748413747
"849","west",2020-06-04,7.06319444444444,56.237586708597,5.31945945660377
"850","west",2020-06-05,2.31805555555556,55.8222892848774,4.94572912828283
"851","west",2020-06-06,7.68333333333333,56.5063925298365,7.96948434976431
"852","west",2020-06-07,12.2013888888889,56.8112502917631,7.95506704451178
"853","west",2020-06-08,10.8048611111111,57.3545736400953,7.30729383582492
"854","west",2020-06-09,7.13194444444444,57.3460051989789,8.16180112249158
"855","west",2020-06-10,6.61666666666667,57.086899467913,7.91978312417508
"856","west",2020-06-11,6.6,56.8343747404357,9.07515501919192
"857","west",2020-06-12,6.51527777777778,57.0322282661455,8.47721591346801
"858","west",2020-06-13,11.0840277777778,57.280469991358,8.46550162390572
"859","west",2020-06-14,11.5736111111111,57.175702551948,6.67622235178451
"860","west",2020-06-15,9.22847222222222,57.144727136961,6.93177654175084
"861","west",2020-06-16,10.2083333333333,56.5462112748974,7.5657865043771
"862","west",2020-06-17,6.76666666666667,56.4628274242134,7.32866911535354
"863","west",2020-06-18,4.12708333333333,56.7433433241237,7.25119851030303
"864","west",2020-06-19,2.56875,57.350542437037,4.50422395781818
"865","west",2020-06-20,2.58680555555556,57.6198223657676,4.24795594811741
"866","west",2020-06-21,5.10555555555556,58.1641411259336,5.19028636195455
"867","west",2020-06-22,9.20138888888889,57.9806716114537,4.07178600890361
"868","west",2020-06-23,7.97638888888889,56.3731275994092,0.81253885143213
"869","west",2020-06-24,5.42986111111111,56.3650239939535,0.792839832012579
"870","west",2020-06-25,4.63611111111111,56.6560778245789,0.806782770151679
"871","west",2020-06-26,4.92847222222222,57.7351095600418,3.3641708679973
"872","west",2020-06-27,5.61180555555556,57.6086639201681,3.82747582416049
"873","west",2020-06-28,4.29930555555556,57.548147134874,4.00622800550607
"874","west",2020-06-29,5.75555555555556,57.6999594184874,4.22967777509777
"875","west",2020-06-30,5.26597222222222,58.4304766069815,4.25829608879299
"876","west",2020-07-01,6.63611111111111,59.6058026508892,4.80601378092318
"877","west",2020-07-02,3.62986111111111,59.9847445079127,4.56420024723046
"878","west",2020-07-03,4.34930555555556,60.0002249732606,4.56190219770889
"879","west",2020-07-04,8.21180555555556,60.0377701432765,4.43378934876094
"880","west",2020-07-05,7.68333333333333,59.9702271886767,4.13124378240404
"881","west",2020-07-06,11.8465277777778,59.9852640961853,4.03795419984512
"882","west",2020-07-07,25.7210144927536,60.1686687654187,3.87111620962963
"883","west",2020-07-08,26.2236842105263,60.1779114777241,4.85423971717172
"884","west",2020-07-09,46.7627906976744,60.0924871140797,4.61000200767003
"885","west",2020-07-10,49.16,59.7487225042907,4.29717203092256
"886","west",2020-07-11,9.28201438848921,59.3510867199452,4.00677011167003
"887","west",2020-07-12,9.07222222222222,59.5207169261138,3.97684072690331
"888","west",2020-07-13,10.8013888888889,60.1984107392857,3.93110022909459
"889","west",2020-07-14,9.30486111111111,60.5243081891393,3.76640825459933
"890","west",2020-07-15,5.20347222222222,60.6111768086808,4.2815058186734
"891","west",2020-07-16,3.48194444444444,60.5392178506812,3.17694927420875
"892","west",2020-07-17,2.575,60.4941797061308,2.86167997108417
"893","west",2020-07-18,4.28611111111111,60.3441221877301,3.42083896605387
"894","west",2020-07-19,7.44930555555556,60.9218090047482,3.48833527874822
"895","west",2020-07-20,10.4881944444444,60.9780214546763,3.48986436120199
"896","west",2020-07-21,9.98194444444444,60.3815324626087,3.84807807267192
"897","west",2020-07-22,6.6875,59.8301818092814,3.93035255257732
"898","west",2020-07-23,5.18611111111111,59.0019349697548,4.25307271221845
"899","west",2020-07-24,6.74444444444444,58.5776097084584,3.70387786538253
"900","west",2020-07-25,7.35902777777778,58.3360736770436,4.34882630638456
"901","west",2020-07-26,7.23680555555556,58.3107519323349,3.42656554030467
"902","west",2020-07-27,7.28263888888889,58.2443682074779,3.68739515220718
"903","west",2020-07-28,9.93404255319149,58.2441842201629,3.43967930744609
"904","west",2020-07-29,7.27777777777778,58.2177314623641,3.3882828993064
"905","west",2020-07-30,9.63263888888889,58.414770151087,3.40095489529966
"906","west",2020-07-31,12.6201388888889,58.4588262511263,2.70720838205526
"907","west",2020-08-01,12.2541666666667,58.3203182763301,2.96149256433962
"908","west",2020-08-02,9.97569444444444,58.0703811450617,3.26052055969677
"909","west",2020-08-03,8.09861111111111,57.8445082507187,3.57493086593666
"910","west",2020-08-04,10.9361111111111,57.7158140024691,4.38967508902357
"911","west",2020-08-05,9.35763888888889,57.8372664111874,4.8554562426936
"912","west",2020-08-06,7.05,58.2912334011596,5.1166881349495
"913","west",2020-08-07,9.20625,58.1161080695205,5.18645516976431
"914","west",2020-08-08,4.93125,58.2140941716133,5.37360257306397
"915","west",2020-08-10,2.87638888888889,58.7683390963265,5.7880387983165
"916","west",2020-08-11,5.52222222222222,60.0355962638965,5.40780445057239
"917","west",2020-08-12,8.3625,60.9160787685714,4.43671339420875
"918","west",2020-08-30,3.19236111111111,61.8553315187773,3.71777685869852
"919","west",2020-08-31,3.39652777777778,62.0648480884916,2.78627389459827
"920","west",2020-09-01,2.72083333333333,61.6401040459302,2.7658938538729
"921","west",2020-09-02,7.26805555555556,61.718207088175,3.18528396114478
"922","west",2020-09-03,10.4423611111111,62.41866521162,5.53052668148148
"923","west",2020-09-04,11.7625,63.2437604581173,4.96362046262626
"924","west",2020-09-05,9.25555555555556,63.2437604581173,4.96362046262626
"925","west",2020-09-06,8.70416666666667,63.2437604581173,4.96362046262626
"926","west",2020-09-07,6.44513888888889,63.471170914734,4.90058039643098
"927","west",2020-09-08,4.22430555555556,63.8094292580867,5.08522847993266
"928","west",2020-09-09,6.21041666666667,64.322763254095,5.26398466666667
"929","west",2020-09-10,4.29928571428571,64.796101258237,7.12062110149966
"930","west",2020-09-11,7.66875,63.4226903335161,1.80910533362934
"931","west",2020-09-12,8.2822695035461,62.3462657535493,1.63651489387755
"932","west",2020-09-13,9.0830985915493,62.3879275826446,3.18549204444444
"933","west",2020-09-14,9.52253521126761,62.4181391669421,2.38121639885678
"934","west",2020-09-15,7.90909090909091,62.4235115854195,2.72474517420934
"935","west",2020-09-16,8.86879432624113,61.9473343744202,2.61172292917845
"936","west",2020-09-17,9.54861111111111,61.9473343744202,2.61172292917845
"937","west",2020-09-18,11.1323943661972,61.9406783648704,2.59820355065993
"938","west",2020-09-19,12.1138888888889,61.7311975765914,2.52213171874074
"939","west",2020-09-20,8.375,61.4006097373717,2.51893552989226
"940","west",2020-09-21,4.37464788732394,61.3951423134932,2.86910877757576
"941","west",2020-09-22,3.67375886524823,61.2028590160959,2.90775007508417
"942","west",2020-09-23,4.65384615384615,61.2151593401639,2.76543909449832
"943","west",2020-09-24,9.06944444444444,61.8164690901235,2.71748981802694
"944","west",2020-09-25,11.1709219858156,61.8676577592593,2.68798725169697
"945","west",2020-09-26,7.73405797101449,61.915077691358,2.61197096442424
"946","west",2020-09-27,3.67676056338028,62.0067934278273,2.6833993840404
"947","west",2020-09-28,1.64335664335664,62.7426644344969,2.67666967461279
"948","west",2020-09-29,5.6169014084507,63.4124729664843,2.33236421646465
"949","west",2020-09-30,10.3666666666667,64.0657503345181,2.42573449191246
"950","west",2020-10-01,6.05486111111111,64.3791848028906,2.36304271711785
"951","west",2020-10-02,5.38111888111888,64.407980665567,2.50513219987879
"952","west",2020-10-03,5.69166666666667,64.380424581693,2.54747059050505
"953","west",2020-10-04,2.66853146853147,64.0721728454731,2.45110373218855
"954","west",2020-10-05,2.5625,64.6528664860656,2.28238730571736
"955","west",2020-10-06,5.79230769230769,63.3091634923077,2.05144581898317
"956","west",2020-10-07,8.37361111111111,62.4519909465211,2.23169195818182
"957","west",2020-10-08,8.23356643356643,61.9453051721692,2.00615371962963
"958","west",2020-10-09,8.60902777777778,62.6021622629504,1.88299555813468
"959","west",2020-10-10,4.14027777777778,63.0551504906122,1.69184917007407
"960","west",2020-10-11,7.38194444444444,63.7263169657841,1.60618906476094
"961","west",2020-10-12,3.47638888888889,64.4762295155738,1.52449834519192
"962","west",2020-10-13,5.08819444444444,64.5662076668482,1.50564240716498
"963","west",2020-10-14,5.35694444444444,65.1543028380368,1.44105356246465
"964","west",2020-10-15,3.20559440559441,64.9524209055215,1.28931727859933
"965","west",2020-10-16,3.75416666666667,65.0660347042945,1.2565987186734
"966","west",2020-10-17,6.64375,65.1591353952218,1.23824586779798
"967","west",2020-10-18,8.30555555555556,65.1422811990444,1.33946871187205
"968","west",2020-10-19,8.53114754098361,64.7399784404124,1.37329545701281
"969","west",2020-10-20,8.04513888888889,64.075305745567,1.29650441423466
"970","west",2020-10-21,4.47762237762238,63.6360919607595,1.36426469997976
"971","west",2020-10-22,2.53216783216783,62.6319719385838,1.24839022064565
"972","west",2020-10-23,2.45422535211268,60.4224584656919,1.29275581247005
"973","west",2020-10-24,1.66549295774648,60.3595700326041,1.63894972205823
"974","west",2020-10-25,4.09861111111111,60.6063009723141,2.56305450857239
"975","west",2020-10-26,5.41944444444444,60.7707441925466,2.47534109812121
"976","west",2020-10-27,5.7375,60.697713224881,2.41676649754209
"977","west",2020-10-28,4.14513888888889,60.8497745842284,2.59972422787879
"978","west",2020-10-29,6.60915492957746,60.8778540997283,2.50207949838384
"979","west",2020-10-30,8.94930555555556,60.8569865138587,2.53669421791246
"980","west",2020-10-31,6.19722222222222,61.0297767177989,2.53265096148148
"981","west",2020-11-01,2.55694444444444,61.0320778099185,2.73287714451178
"982","west",2020-11-02,4.84791666666667,61.0070599620408,2.49393806
"983","west",2020-11-03,5.37832167832168,60.2946197002039,2.56417767313131
"984","west",2020-11-04,6.92374100719424,60.2445104560575,2.65270283131313
"985","west",2020-11-05,5.25294117647059,59.0075323227986,2.02350148666667
"986","west",2020-11-06,11.6256944444444,58.3713748987713,2.46461042774411
"987","west",2020-11-07,10.6472222222222,57.8556430836846,2.33481084053872
"988","west",2020-11-08,10.40625,57.525071446431,2.75751166794613
"989","west",2020-11-09,8.89305555555556,56.6450963279212,3.21145143138047
"990","west",2020-11-10,6.49370629370629,56.4296811402174,3.41771243023569
"991","west",2020-11-11,8.26433566433566,56.0131540174387,4.14899291346801
"992","west",2020-11-12,6.71748251748252,56.03120735346,4.35052240875421
"993","west",2020-11-13,9.25375,56.4494357085482,6.52786469279461
"994","west",2020-11-14,10.331654676259,56.3065903239865,6.6913760779798
"995","west",2020-11-15,8.39513888888889,56.2134540817073,7.23203977771044
"996","west",2020-11-16,3.31736111111111,56.0995592576845,7.43883971636364
"997","west",2020-11-17,3.1875,56.1342640419093,7.73587829717172
"998","west",2020-11-18,1.825,56.3168261378305,8.23564967063973
"999","west",2020-11-19,7.11944444444444,56.2287120889716,7.97074248498317
"1000","west",2020-11-20,2.80633802816901,56.1687928702849,8.21754124511784
"1001","west",2020-11-21,4.79236111111111,55.2525205008114,4.80711194531986
"1002","west",2020-11-22,7.89718309859155,54.9854417896341,4.96360125185185
"1003","west",2020-11-23,12.0923611111111,54.9063143849018,4.8626652976431
"1004","west",2020-11-24,7.60555555555556,55.101545775,5.79645322249158
"1005","west",2020-11-25,8.14444444444444,55.2726513050102,5.60232109501684
"1006","west",2020-11-26,8.80839160839161,55.3237408768606,5.6301723773064
"1007","west",2020-11-27,1.66388888888889,55.521944772561,5.58058440592593
"1008","west",2020-11-28,2.31180555555556,55.5192286951318,5.44051500127946
"1009","west",2020-11-29,4.36736111111111,55.6593730800948,5.7830614450505
"1010","west",2020-11-30,8.72708333333333,55.6463591686062,5.57887310309764
"1011","west",2020-12-01,8.14545454545454,55.8509614886256,5.76648431299663
"1012","west",2020-12-02,7.17083333333333,55.7476036380501,5.14151240552189
"1013","west",2020-12-03,4.00625,55.6948229960731,5.18154313838384
"1014","west",2020-12-04,3.4375,55.6680668765741,5.0788669223569
"1015","west",2020-12-05,3.59375,55.4531423390244,4.86845815676768
"1016","west",2020-12-06,7.59791666666667,55.7822810301435,5.64189433333333
"1017","west",2020-12-07,5.69097222222222,55.3692111972881,4.9022800573064
"1018","west",2020-12-08,3.22430555555556,55.4590827112705,4.69301775212121
"1019","west",2020-12-09,2.6034965034965,54.9293102579522,4.06481868808081
"1020","west",2020-12-10,6.65555555555556,54.8159987838665,3.88714805380984
"1021","west",2020-12-11,8.98541666666667,54.8078299470828,3.67819366671159
"1022","west",2020-12-12,9.40694444444444,54.8186048317073,3.53925319084175
"1023","west",2020-12-13,5.77083333333333,55.1843366493902,3.92851934774411
"1024","west",2020-12-14,8.64652777777778,54.7843029594448,3.5160656183165
"1025","west",2020-12-15,8.96666666666667,55.0437975512245,4.91300142329966
"1026","west",2020-12-16,6.12638888888889,55.0477281893775,5.28284515427609
"1027","west",2020-12-17,8.14236111111111,55.39834587023,6.26422717582492
"1028","west",2020-12-18,8.25555555555556,55.3702408565629,6.69824741252525
"1029","west",2020-12-19,3.63680555555556,55.3115163845061,7.60500914343434
"1030","west",2020-12-20,3.45833333333333,55.4106701932927,8.3128182426936
"1031","west",2020-12-21,3.03055555555556,54.9999524432927,8.69087167259259
"1032","west",2020-12-22,8.89513888888889,55.3064847148676,10.1314937179798
"1033","west",2020-12-23,4.32708333333333,54.9540149744926,8.58765628538721
"1034","west",2020-12-24,5.35416666666667,54.775136163079,8.3932579213468
"1035","west",2020-12-25,2.37062937062937,54.3532586208163,7.18717391939394
"1036","west",2020-12-26,7.33706293706294,54.0535335042945,5.99403246013468
"1037","west",2020-12-27,7.17777777777778,54.176710459224,5.24216806228956
"1038","west",2020-12-28,8.70138888888889,53.8670894749489,4.9373584847138
"1039","west",2020-12-29,7.63402777777778,53.8701051835607,4.29026864026936
"1040","west",2020-12-30,8.89027777777778,53.5189231165075,3.09884255548822
"1041","west",2020-12-31,11.4659722222222,53.3518766225517,3.1753295813064
